A,P,B,R,v
0.967557542035,0.120218286735,0.483993187949,22.0035192924,0.121559471677
0.968827118359,0.0853597154916,0.478851550563,23.2518369981,0.123829689785
0.966666070942,0.0925939763541,0.494898020179,20.7480406172,0.121079405017
0.968205706882,0.0344723273389,0.479915993884,22.7213907522,0.117365151125
0.966766807722,0.110574292904,0.501052218751,20.446349309,0.120370679797
0.971583696745,0.118757654079,0.529034804358,22.0863087613,0.120672628187
0.970354259947,0.045501939222,0.517576810523,21.8846306752,0.126441796231
0.969404308648,0.143600748178,0.541000163599,19.7703986263,0.1235271247
0.972748705435,0.0939596149616,0.564936976876,20.6678058529,0.115229965584
0.972908919365,0.0855410433721,0.558938988637,21.1803748819,0.115529548863
0.969323930041,0.090475841286,0.531535485721,20.2842662564,0.118924114287
0.972372298749,0.139636144126,0.545675614658,21.6204759151,0.116536010925
0.96730659513,0.0812873911432,0.567794522082,17.0276624944,0.112061615968
0.961222396734,0.136664209542,0.570079315254,14.209538411,0.11286367661
0.962896867276,0.14385783135,0.527918969617,16.8957923119,0.11159662906
0.962644465739,0.150660511827,0.533681866857,16.4942668017,0.113764466957
0.952034090368,0.0943682551177,0.535514525761,12.7054101214,0.115582831059
0.951083774157,0.0950262155907,0.491308203229,14.170275054,0.111302923704
0.946196928346,0.0462517899646,0.499839119522,12.5390920209,0.109016819917
0.94726518672,0.118858025501,0.481938843852,13.47340892,0.118728590525
0.952920714469,0.0915272281101,0.50403844509,14.2068011489,0.114429787275
0.956241930258,0.0117654324821,0.520353039903,14.5995645408,0.112505493201
0.960100731503,0.0271394521006,0.599120811835,12.5817499805,0.105911818459
0.961043436626,0.127638367453,0.565265360527,14.3563697312,0.109833302109
0.962506639159,0.0951636673059,0.599999829563,13.3673966839,0.110081175669
0.962061968912,0.057796477244,0.605266345722,12.9817278717,0.104614811698
0.97068901336,0.119639147765,0.503317033883,23.0774771974,0.125317252568
0.966823125551,0.123272116827,0.501663752107,20.4454983405,0.124216280481
0.96820293927,0.081293170033,0.45778554173,24.1803848556,0.118209376201
0.967355664019,0.111576754176,0.491066781513,21.4280058026,0.120133978417
0.968556178451,0.086729950036,0.479576982997,23.0008960812,0.121025823892
0.968754088025,0.0738269973197,0.526879853137,20.1856439559,0.12533864104
0.969359453921,0.110358196848,0.522761977151,20.8429808669,0.12524032596
0.971450526797,0.105177065078,0.543536780762,21.0481355978,0.117013339682
0.971299771351,0.0906752653037,0.576965868764,18.8863199443,0.116490979553
0.969687706755,0.1268531086,0.568779987801,18.3313639637,0.117147546686
0.973076048107,-0.000374109428829,0.533449693466,23.0238359009,0.117038775619
0.964343500069,0.105643849816,0.51543284537,18.2536456557,0.114494924937
0.961850307875,0.095461720247,0.521357404086,16.7449613192,0.116898253365
0.962244604835,0.0994951854868,0.550340576139,15.5175583577,0.112240481277
0.958912625409,0.0968972748741,0.523775235286,15.4138414945,0.115107157663
0.949059613711,0.149868623193,0.483642763609,13.8936078266,0.11819719446
0.947408087367,0.100389037572,0.487892456769,13.2837685337,0.110356800722
0.948075754436,0.089598441708,0.481939527916,13.6895109013,0.111652720839
0.944313761199,0.0498426529824,0.528559798053,11.1280106586,0.112527774453
0.952762376278,-0.0200089088246,0.492204057182,14.6490095324,0.11539005148
0.953603561089,0.0752205815127,0.508450117002,14.2375782776,0.112257356665
0.958262642255,0.0441880335326,0.513386685206,15.6385892501,0.107501103458
0.961051596354,0.169995848396,0.547944607218,15.1428080479,0.109200982105
0.960304050818,0.0687038119213,0.578707765044,13.5033517583,0.111444890104
0.962048375867,0.038284327444,0.588328258639,13.7105914067,0.10466061534
0.963316932558,0.0664856189903,0.610235324998,13.215773576,0.106208738689
0.970024513306,0.130581450444,0.477738382783,24.2719838828,0.126324673196
0.968571189356,0.0837386666102,0.493801457177,22.0967417063,0.122152059383
0.968662128861,0.0849797251034,0.502782256291,21.5958189321,0.116621347073
0.966974077114,0.0727404066209,0.490671063829,21.2002730089,0.120751336342
0.96835220779,0.151838645203,0.524420980896,20.0706599271,0.119434754685
0.972308943141,0.0751814198563,0.514262396604,23.6816882195,0.123547894765
0.97226750763,0.0784609100379,0.556339059198,20.8494923405,0.118648524788
0.972376836539,0.0511758315583,0.557432122048,20.8631124227,0.118330550558
0.97268765362,0.114146896775,0.559951595757,20.9410460361,0.115961207725
0.96914259731,0.141079477386,0.555566214479,18.7524408212,0.118362009992
0.966905123129,0.0761627618585,0.546269460527,17.9659679179,0.114035592303
0.962347048944,0.0720503833908,0.536308934392,16.2335255855,0.117461659334
0.958120637147,0.132805770352,0.53707865367,14.5298673966,0.114343367382
0.962420296161,0.0908480057717,0.509336055761,17.6129596103,0.114598910139
0.956818569893,0.0866935979968,0.523212906879,14.674784305,0.112718854877
0.953639994588,0.172951695857,0.499022272495,14.6433234641,0.115952871032
0.950893392611,0.0742924246602,0.475963631665,14.7440881186,0.110733123552
0.949519038876,0.0720139806854,0.476196019238,14.3229737015,0.109896698618
0.949381955138,0.117893455826,0.506335595322,13.1016971014,0.111503811929
0.956217695047,0.107878905149,0.495859840427,15.6682382629,0.114817597277
0.955919620196,0.089422311659,0.520198291748,14.4969877367,0.115479763895
0.95743108004,0.0726455554302,0.527444321147,14.7055018648,0.11062278976
0.959100309886,0.100163126329,0.53999511624,14.7557691878,0.108545881095
0.95865637039,0.0933250698547,0.54510174379,14.3710470916,0.110080805543
0.959328678182,0.111018326314,0.568112968,13.61787381,0.104821541792
0.960934149208,0.0633626965734,0.568620079881,14.1669091314,0.10815201433
0.968888922804,0.139973906802,0.509652074277,21.3263882733,0.125632976204
0.967172076018,0.191769723391,0.455034673626,23.5892378691,0.125314357509
0.9649612316,0.13380966149,0.47868294941,20.6552138203,0.122365427594
0.964066928679,0.08557490134,0.459829478368,21.2299201083,0.119642332949
0.966408112758,0.115948276534,0.530121887541,18.5737734039,0.119939890068
0.97037052636,0.0649204981928,0.53407472307,20.8535883868,0.122773307262
0.970006730432,0.112556541064,0.516923805034,21.6686577977,0.12313487947
0.974669048601,0.0758367653088,0.543366695411,23.7737721143,0.11856487824
0.971138324032,0.122606217884,0.556044235215,20.0402957515,0.116185066478
0.966557509717,0.0841051098473,0.55145468226,17.4983016747,0.118985502701
0.96526338028,0.136551665268,0.556035228344,16.6012034198,0.112428971532
0.964272086499,0.136325175967,0.51455236992,18.2634824223,0.115249783714
0.957752727867,0.0995050122939,0.544518623457,14.0818723622,0.117029561125
0.955643706098,0.11592774788,0.523996796904,14.2443880877,0.114460515663
0.954877125873,0.142447553981,0.503568285314,14.8580715505,0.112632870639
0.951887708914,0.10228126972,0.517439806364,13.3621187506,0.114402295359
0.95456524866,0.0871251179774,0.462866783828,16.5661920818,0.113860502693
0.95039687877,0.138703717995,0.498649242193,13.6775222997,0.110163885389
0.951632538457,0.0603802937142,0.493527674909,14.2442302648,0.115139276618
0.958909627503,0.0481658375693,0.491209503997,16.9425858978,0.114038208282
0.958600221449,0.0761667300545,0.493380619975,16.7089628906,0.115661378728
0.959833703699,0.127124838447,0.520891549684,15.9094933707,0.109191576161
0.95892314909,0.0881544884752,0.518005083339,15.6819767226,0.107479079964
0.957361628346,0.052929793132,0.547897998479,13.8078903332,0.109413907131
0.954510433418,0.122889162517,0.545654983639,13.0114104866,0.104096626013
0.960832890293,0.0953740702116,0.56715574625,14.1940808178,0.108007969555
0.969145786547,0.0234179340679,0.494435893534,22.4739200252,0.127763811875
0.967227525493,0.0843221033944,0.487199038443,21.5801233442,0.12282794271
0.968005420376,0.0602809968994,0.483833285987,22.3268339944,0.121172792642
0.963888266059,0.0825573051546,0.490193423526,19.3843721462,0.120405987656
0.965742886331,0.0815443536646,0.518258474329,18.8561563999,0.117904860816
0.969232962947,0.0661132790432,0.543182106312,19.5297655457,0.12131458429
0.970972973427,0.0763165589726,0.543351233073,20.7083778074,0.12318486025
0.972985340923,0.0802218672999,0.57107131504,20.4570147792,0.117334971406
0.971827105747,0.160682922944,0.559980034521,20.2906792393,0.117335484326
0.969024718644,0.0772508589371,0.547664021332,19.1352377828,0.118004999362
0.96440693,0.190689555563,0.542306513306,16.8844106693,0.115009115043
0.962559163152,0.172581665763,0.549939682017,15.6695662494,0.114492705823
0.959289799939,0.119945298193,0.531386718283,15.2125577826,0.11933408189
0.960253775178,0.0816298678257,0.487142302939,17.7327448197,0.112480136633
0.954715753068,0.11966487415,0.515825883749,14.2849117925,0.110859734773
0.953332725264,0.0521447346292,0.513489670668,13.9465832077,0.113402341181
0.955946427443,0.0153364965884,0.480715148928,16.2580470495,0.11020013814
0.954050787163,0.141428431104,0.457160254502,16.6400586261,0.111244992289
0.954275768456,-0.0219293701419,0.462809124666,16.4614964488,0.112588088715
0.957772254405,0.13135882128,0.470508305365,17.4744960614,0.114722470652
0.960315794314,0.0702387701821,0.503038096105,16.9680621734,0.113582259802
0.959829557516,0.162447242229,0.508811775487,16.4801088986,0.107836062946
0.957778857673,0.135831012537,0.508568824125,15.6740924882,0.108635562084
0.958840400931,0.079639041272,0.509529063504,16.0423057889,0.108863234342
0.96068288136,0.111354931935,0.510632612362,16.7561608841,0.1046370492
0.957136350087,0.0378683698102,0.569551044306,12.8489912892,0.108738370473
0.970277339396,0.141380368136,0.478026215359,24.4616576533,0.12937201429
0.96865387572,0.110880702757,0.502844969715,21.5861252011,0.12421784722
0.966706531951,0.148920628113,0.494994624319,20.7679233572,0.119449343336
0.964293496614,0.107293343443,0.503045024957,18.896690232,0.117896595132
0.968616197457,0.0458978824331,0.479391951563,23.0576957287,0.120853247606
0.968114459934,0.0517483276346,0.53554670658,19.2707310692,0.121204671498
0.973235596034,0.0284631748447,0.567315320421,20.8941751343,0.121993307716
0.972054766422,0.0940093753469,0.568066666079,19.9525054687,0.115528675564
0.97524481299,0.139209246311,0.568993653206,22.4953779785,0.116641191626
0.970393871899,0.147673014618,0.5738252028,18.4815520838,0.1188159912
0.97016278157,0.119253493252,0.560823494404,19.0928429998,0.114572457224
0.96487225302,0.131689906135,0.51043426025,18.8059724157,0.118939950828
0.957742682476,0.0520287481848,0.504422380667,15.8499896524,0.115172806431
0.958135339136,0.0837972751969,0.470970813148,17.6063919298,0.11510836776
0.954219809136,0.0420721828735,0.517170798881,14.0709526304,0.112575045131
0.955802374723,0.0484125178042,0.505465503096,15.0932185507,0.114645866264
0.958892639762,0.0722708617211,0.5143313966,15.8396449776,0.109176640166
0.960548054857,0.0463741132453,0.459063793409,19.3426481772,0.109913956983
0.962556088504,0.0333970844181,0.476570064379,19.4204249608,0.110520055574
0.959889787795,0.0845120465461,0.456366820632,19.1626667548,0.116721404566
0.962474992996,0.142353860993,0.492785315765,18.5028385672,0.111274737523
0.9611671609,0.112581632732,0.46898879414,19.1172657213,0.110030823382
0.959594044628,0.0798985930656,0.513627591231,16.153656145,0.110283323223
0.960213749455,0.0737952724245,0.510955917135,16.5389774722,0.111973955161
0.960052318558,0.0887098742547,0.514273783732,16.3120020314,0.105774736485
0.961604352932,0.0769038170789,0.556967238245,14.9480497044,0.109855464722
0.972021738068,0.0776347086272,0.485241838129,25.4820827125,0.125571334853
0.970141697662,0.0981338717525,0.474748003702,24.5758499843,0.123948155753
0.964626671736,0.0862284322864,0.508225047222,18.793487146,0.122662149446
0.964038360464,0.0988073433868,0.502793575321,18.7738087799,0.118696520216
0.969376925458,0.040097577176,0.506042507582,21.9001957827,0.115196985855
0.969040293884,0.0712152545629,0.560267327662,18.4215610191,0.124249351951
0.975951128657,0.107669907936,0.573502983115,22.8401373871,0.121636481758
0.974060037224,0.14190904267,0.565644696908,21.6795459876,0.118787211302
0.97455082686,0.150810175453,0.536307760257,24.1691555593,0.120303366326
0.970612967065,0.135510741629,0.570634137166,18.8083932259,0.116218599388
0.968404112633,0.100082099833,0.584704080061,16.7150261696,0.11418666472
0.959062199517,0.145691749159,0.510356781712,16.092242259,0.11665223618
0.95494476549,0.101136118713,0.526397034318,13.9191929175,0.115968382548
0.958892719929,0.096296812409,0.509578342062,16.0608547622,0.11196062385
0.951256722797,0.120139365161,0.50376818014,13.7206565055,0.112755430615
0.956489366324,0.0639326053641,0.510443474982,15.1166952864,0.115141532112
0.960664039514,0.0756344378756,0.470454662547,18.790077366,0.113482704432
0.962466443102,0.0506292121848,0.436686752566,21.6577130553,0.111828623189
0.967556909483,0.0868489280451,0.459389039537,23.585004406,0.110760691378
0.964402179882,0.0166113615935,0.456591032139,21.6285471068,0.116077079711
0.963612948717,0.0367828075471,0.478269902929,19.8993309933,0.114712397743
0.962420585612,0.0892834705648,0.476190712016,19.3698355892,0.110056593922
0.963108826433,0.105693632084,0.463927120461,20.4323219042,0.109550669476
0.959662605039,0.112579619283,0.46557185097,18.5674928725,0.113751282014
0.963230117928,0.10781566858,0.508208588576,18.067545554,0.10813210363
0.960084013062,0.150419067535,0.52414312281,15.8585655592,0.111893228008
0.968234074653,0.0783267618811,0.490224706815,22.0836526548,0.121802111106
0.968913902603,0.136293708772,0.481248740531,23.1596599519,0.12231021725
0.967365942621,0.0937010049068,0.509076657689,20.3492686585,0.121562843748
0.966599055508,0.139521468141,0.513333801229,19.6290721795,0.120148508145
0.970450161751,0.0969820923537,0.547104750236,20.107029621,0.115400591517
0.967741662587,0.117487751659,0.537944177229,18.9081580393,0.122276824618
0.971695473114,0.0521555974365,0.561144190229,20.122625539,0.123372439359
0.97157431867,0.05978254453,0.564094950464,19.8537462607,0.118781528591
0.97524571735,0.0963820720979,0.555634871844,23.4440309667,0.116175318878
0.969096553439,0.120748820195,0.575794227132,17.5847983288,0.11777829113
0.967330268998,0.144961660197,0.537742961517,18.6773734335,0.118285679475
0.96192882657,0.147766412738,0.548664476029,15.4649240253,0.114902523037
0.954356259195,0.0993004418027,0.509364417214,14.4395758956,0.117614077528
0.951928247391,0.107717969965,0.505197340228,13.859689355,0.110460468272
0.951950271269,0.0510177052248,0.463018777477,15.6366544563,0.117929318858
0.957175044348,0.0946519571393,0.488421294497,16.3717933309,0.117249454061
0.963112318658,0.0492200982036,0.467199527024,20.2472795858,0.113987918467
0.967825957774,0.100550126962,0.432298246661,25.6441137476,0.109338617952
0.966656137269,0.0913957731478,0.436369350751,24.4531551378,0.111937470478
0.963817670039,0.0390261035854,0.454708653589,21.3848361555,0.119047145598
0.96697784029,0.071313702436,0.479036872961,21.9173402817,0.11450485396
0.963445810237,0.138904342945,0.466361164403,20.4837452799,0.109882879745
0.962620487262,0.0597496239573,0.469720066691,19.8345650276,0.108593953761
0.964365528942,0.108605807557,0.488742446901,19.7305236791,0.1113880128
0.960663431284,0.120100411035,0.537773230137,15.4572738305,0.105621142808
0.960400016811,0.105638000212,0.556167196121,14.5199987909,0.108939158024
0.958613353635,0.0776613257504,0.556591749677,13.8622766773,0.113018098366
0.966711194001,0.0774953722009,0.501743509709,20.3708830436,0.122125186258
0.972423246955,0.0958123008222,0.491757404917,25.3814355183,0.122797353056
0.963202799017,0.0660175108118,0.492673193878,18.8819605154,0.12289819346
0.96888917502,0.0980633053898,0.515544985892,20.9628156435,0.119181380365
0.971078817982,0.126586219202,0.507737590954,23.0952291749,0.118559897435
0.972130681361,0.142734617525,0.558408331327,20.6143297433,0.124325409651
0.975409290425,0.124233608657,0.567675024472,22.7409285624,0.124821987929
0.972956737488,0.0784730468559,0.534782377504,22.8298486213,0.121019750687
0.971484370172,0.116725757732,0.549333552926,20.7067893161,0.113607718053
0.966348966039,0.203840842697,0.565824825696,16.6364707336,0.11646984005
0.963877903414,0.140246542685,0.53695717013,16.9020381252,0.119551363605
0.958483198027,0.0725999703919,0.526717930102,15.1188922964,0.119316775016
0.954914707572,0.0748162775072,0.532439044937,13.6623108889,0.116399566017
0.954548097744,0.0981662286505,0.504844448177,14.693580788,0.112837468063
0.952462000574,0.083398540188,0.486125057342,14.8093290945,0.112043988206
0.95792688925,0.0828453562053,0.501219114812,16.0691143656,0.111431175203
0.962224431377,0.0680523078911,0.48416506613,18.8360261169,0.111285654172
0.967837036789,0.0938614215095,0.458665128577,23.842086175,0.109038184472
0.968519505579,0.165865041384,0.448122926288,25.0944545875,0.110838728994
0.964708273391,0.105891144393,0.456375120099,21.8327420444,0.114129404019
0.966280792938,0.0810753903343,0.454824004259,22.968691226,0.113887034663
0.964175297573,0.0737591293367,0.471438402669,20.6119070134,0.109902438178
0.961472492978,0.0758493662801,0.467043048382,19.3776270607,0.10956597882
0.962462390708,0.0861279451463,0.477123898003,19.3406561459,0.112230616125
0.961914699867,0.128674529031,0.451520114489,20.4776090185,0.111152109195
0.960550128439,0.105423858421,0.528092634491,15.863297231,0.113167930921
0.957684967952,0.125191828739,0.523409758458,14.9732786765,0.112649087632
0.967546845816,0.0752650938679,0.508765093526,20.4831605038,0.121493531366
0.965744102831,0.113650590772,0.507936888465,19.433974534,0.122435268152
0.968654983342,0.0981689719812,0.524062485679,20.2891550154,0.123035398832
0.969251725334,0.0706253796342,0.526447348121,20.5438683029,0.121612451062
0.97036983408,0.109250056749,0.511866804694,22.2651326186,0.117839079131
0.971679630589,0.156259634872,0.552760670502,20.6351607839,0.121652266549
0.971209556973,0.122618174352,0.523175446951,22.1763598953,0.125255839655
0.97228885184,0.0677279450695,0.553395462925,21.0545557424,0.11987341306
0.970085408976,0.0203672550785,0.560023391818,19.0897123593,0.11524344785
0.964930315951,0.115260299204,0.548886446316,16.8031909679,0.119543783636
0.963869015306,0.165598192878,0.541999717282,16.6438034097,0.117057253316
0.954674074957,0.131819754505,0.509371609377,14.5429209104,0.117966352016
0.955291863589,0.0688375081139,0.528075592067,13.9601794844,0.114785062124
0.954193923897,0.128119368769,0.498527127143,14.8458459104,0.109146836664
0.951495770955,0.10366284037,0.496840999806,14.0684775815,0.112827867653
0.960703783245,0.0790655921356,0.474336619853,18.60448369,0.117227108002
0.963974237437,0.124790518939,0.497940230191,19.004135942,0.111520751191
0.96592168758,0.130433264847,0.463282901335,22.1909876814,0.106047584517
0.964027599018,0.095842103448,0.461786387976,21.090360842,0.109297955372
0.967193858998,0.137790566868,0.487426004166,21.5436413062,0.113456772508
0.962654005485,0.101673528699,0.467921811041,19.9534872772,0.114127515642
0.96517281537,0.146534215683,0.452623210725,22.3621303156,0.109318775603
0.961251934798,0.0795773607342,0.460841184617,19.6034006137,0.109394855292
0.959967784177,0.0894477880097,0.472700792665,18.3400444987,0.109872115553
0.961175157907,0.126992041669,0.469163103673,19.1118982355,0.110744297483
0.958559083823,0.0601010385596,0.536085382695,14.73066602,0.110381265521
0.957569622413,0.105035013682,0.535936965987,14.3861640381,0.113180874669
0.967875276657,0.0891067081548,0.499862926421,21.2366893041,0.124626873868
0.96400755805,0.0625210596082,0.490706865978,19.4212555965,0.126905622495
0.968055915973,0.0712484283557,0.498700877605,21.4304516953,0.124262812161
0.968687157364,0.0920852229432,0.522968679693,20.3760124299,0.118397571599
0.967202863095,0.146249688775,0.512342418499,20.0546286125,0.118616607831
0.968064193087,0.144044190912,0.568387752976,17.4062156175,0.120363664944
0.969249288685,0.0875235735272,0.555899094277,18.7993559345,0.120771334212
0.968318131346,0.0907292016235,0.542016960301,19.023626054,0.119565583832
0.969197147598,0.120675074509,0.55297956114,18.9353349454,0.118402247787
0.966554215295,0.147035672979,0.577569163612,16.1364247198,0.115678703754
0.960674799962,0.151955141706,0.545849697146,15.090274419,0.119208083636
0.957964044093,0.0926533487872,0.555717539515,13.680164663,0.116293957497
0.957328021296,0.139570580871,0.561783440721,13.2228754831,0.116432928697
0.956346230841,0.162892518375,0.504133512714,15.3446861919,0.1100239817
0.953442860815,0.0841003142489,0.477367537965,15.5103606521,0.111663560143
0.958894054319,0.0413198871521,0.498735905528,16.5737649902,0.118504680587
0.965119590117,0.153347659505,0.503395372956,19.3328565216,0.113609749726
0.968428861578,0.0501832280179,0.475180882193,23.1937007869,0.107143295028
0.965661061852,0.0469170798147,0.473752940543,21.3800389163,0.107943390953
0.964005064393,0.129573646413,0.486004051985,19.6825776743,0.113217523174
0.967179406763,0.105271978945,0.449305479226,23.9742818229,0.11452034851
0.966619038785,0.14844259624,0.468695886021,22.3205531426,0.109997959551
0.964531976617,0.119118133798,0.497539479651,19.3308233714,0.110319937413
0.959814714842,0.124872909305,0.467948452504,18.5150991207,0.113017748467
0.959843934563,0.0971278877289,0.489936948534,17.4084654277,0.108442619573
0.956209825081,0.08606124753,0.480318289899,16.3765197697,0.113178463932
0.958365668656,0.0724637293238,0.549135875868,14.095168841,0.112315246199
0.9655416761,0.0841983045566,0.502768483051,19.6094575156,0.125248052628
0.968994508328,0.0296123881532,0.52548530278,20.4288234803,0.122994833789
0.968291894625,0.091054387907,0.492320632597,21.9921740204,0.120941091932
0.969968744328,0.118280235843,0.522050312303,21.3171800941,0.118416095547
0.967223159521,0.116796296293,0.526466266679,19.2512556414,0.11992221685
0.967797818252,0.107968816704,0.556809240941,17.8886460053,0.120231848203
0.967817010697,0.0604494806687,0.522084563584,19.8679620796,0.12431028483
0.967492172451,0.0857177814633,0.538148726525,18.7491331502,0.12051024031
0.963013738735,0.153537079492,0.538649946585,16.4162578018,0.117765127268
0.961984959231,0.088140011043,0.535413455185,16.1190150853,0.116391642141
0.959440637192,0.124562751366,0.510526104143,16.2375607971,0.116769259751
0.955346065973,0.108234976584,0.511074782823,14.6938568729,0.114982284938
0.955963634692,0.0984543228741,0.524830080753,14.3149754012,0.115676782354
0.955574830859,0.0587199801099,0.496201180565,15.421211797,0.110683610798
0.957678077034,0.163076323434,0.460028438376,17.9556530189,0.110536005844
0.962306437012,0.0602995555397,0.488166556696,18.6635867128,0.117771233939
0.965284995181,0.12607167425,0.469857830167,21.3779996136,0.116549786618
0.96138771771,0.0770781100041,0.485617520934,18.3438251988,0.107337213352
0.963064178062,0.116844367806,0.469524172768,20.088507111,0.110174420497
0.966551971181,0.0931608209341,0.486394085207,21.1855284061,0.111977464751
0.966856212857,0.127879456336,0.483391091481,21.5670880109,0.113198314082
0.965499312528,0.103752894331,0.505571616326,19.4265944101,0.107771617721
0.963169242352,0.138985720147,0.488500610229,19.0910816302,0.108996477468
0.96078280838,0.135430704926,0.452557586942,19.8175872708,0.110808495996
0.960368523867,0.158007915007,0.482425233236,18.0257658038,0.111681985538
0.95425193392,0.134187648544,0.501126569751,14.7540586132,0.109681660544
0.952913050509,0.103667358273,0.511185458685,13.9125092917,0.113124559544
0.969007439824,0.102379133878,0.515446521005,21.0501524146,0.124693600386
0.966109634605,0.0694693704255,0.535061437098,18.1383626626,0.122832550431
0.969312562739,0.0895470197478,0.527995613689,20.4910192159,0.121969052772
0.968196186667,0.134238461982,0.515462195563,20.503720308,0.121441288711
0.964748449926,0.0880469187863,0.481733955623,20.3512486451,0.1192804593
0.967342251762,0.0792534335231,0.536410547525,18.7590598856,0.121656597425
0.964037912638,0.0626960303344,0.54074344863,16.7867875156,0.119139204808
0.964986440807,0.049539002576,0.585558938285,15.0159929128,0.118293267403
0.96425319359,0.106415089687,0.582129775447,14.8637778096,0.115805780471
0.959198204458,0.146760935782,0.515401859894,15.9108833065,0.117659489099
0.959886651624,0.110341770505,0.516928112067,16.1174961006,0.117876445549
0.954108742569,0.130617705058,0.513873637993,14.1722328488,0.116984183332
0.956738485094,0.121511604817,0.509814342444,15.2335954037,0.11713204433
0.958601725432,0.110938778944,0.507975893054,16.0200524689,0.110358203193
0.958762037035,0.0923388745546,0.469784386744,17.9396556182,0.116012143737
0.963339140599,0.116019311947,0.470331070374,20.1960725418,0.119915680601
0.963408973672,0.0350092727652,0.464882379614,20.5479330288,0.117323596047
0.964222962084,0.0541908300342,0.47741259144,20.2942337737,0.109315302278
0.966072026742,0.150158030593,0.466505797941,22.0901977285,0.109836504987
0.968546214436,0.139738646581,0.47878393249,23.0452775812,0.113478822894
0.969102506054,0.0928157671876,0.463234847067,24.5188430155,0.119575162828
0.966179606086,0.0736832372656,0.472892131034,21.766497215,0.113533524092
0.963141160637,0.18314831228,0.447984473714,21.3817181427,0.110049205467
0.958235040719,0.0923136278358,0.49140841682,16.6536166877,0.109742692938
0.959097163699,0.0907306127979,0.46280853757,18.448000328,0.113579698161
0.949974073339,0.145114074499,0.463583705096,14.9797260115,0.110047362024
0.95153943125,0.0833365338929,0.547581792351,12.1238795686,0.110995193342
0.967248284688,0.0405047752097,0.521129149909,19.572259121,0.124014040855
0.968988369296,0.0935475707409,0.520344717425,20.7367746885,0.123669745719
0.972404813161,0.115604926873,0.516980238355,23.576763855,0.124747271284
0.96941007182,0.119600140219,0.4777624437,23.7753306014,0.123187047442
0.962977899239,0.0982125624061,0.523982961937,17.1318552584,0.119343484602
0.964310208332,0.121575067574,0.536200600908,17.1493798015,0.120709141063
0.960397156955,0.071269602193,0.517355079767,16.3091397168,0.12161643766
0.959039813028,0.0924502820366,0.548854050178,14.3444317475,0.118803874662
0.958060899583,0.120737137293,0.526855860536,14.9572698974,0.116605444824
0.955103561981,0.124623152061,0.515702807305,14.4164012146,0.117137745776
0.960873715117,0.125792198673,0.485304163527,18.1142066825,0.116300355571
0.955954331312,0.164192299503,0.523705550477,14.3595005518,0.118513208741
0.957029670992,0.134213707204,0.518115320182,14.9714071804,0.11762550663
0.95899742074,0.0814053408815,0.518953947075,15.6672749466,0.111364926852
0.958298902587,0.0764171248552,0.479133294454,17.2735548228,0.112154255396
0.963308795977,0.119194427106,0.483106413471,19.4621146378,0.117486881138
0.965152443688,0.126732432891,0.473095205565,21.1016392702,0.115301183414
0.965257657285,0.098622924195,0.503711625357,19.3933047582,0.10874047246
0.967895905452,0.106079628528,0.503623324898,21.0208780114,0.105627157647
0.970549719531,0.109897958441,0.462318281111,25.8090797029,0.117184263126
0.968636022103,0.11889962697,0.460567282276,24.3296169016,0.115563627933
0.967227346085,0.113101130132,0.457372608545,23.4758949495,0.112933933176
0.958065606707,0.157732602904,0.462653776122,17.9923882907,0.110206969436
0.956265218296,0.161281851835,0.476844154338,16.5600604409,0.108151231945
0.950108041513,0.163476407047,0.455922780891,15.3465880769,0.113236335896
0.945312866822,0.171652410402,0.481905192347,12.9803800477,0.10951845212
0.949688448264,0.00232273936513,0.488405244312,13.8820571269,0.110802132315
0.953773980335,0.0885428995097,0.485890911045,15.2502261301,0.113071697314
0.966041158367,0.0823263972461,0.515104875985,19.2013619518,0.123448373745
0.968737548922,0.126314893746,0.496224195949,22.0621292617,0.122583008478
0.969743684064,0.12037354114,0.488240912235,23.3354486804,0.124266524657
0.966613911729,0.134424776671,0.536523388055,18.3367531796,0.11937020653
0.964621170876,0.0961504172589,0.495391965108,19.5005390854,0.122841746421
0.96121875321,0.0996117488605,0.520279036502,16.5192431258,0.123702712658
0.959514094281,0.0668417549388,0.498795906525,16.8300825796,0.125418413
0.959290212209,0.0907475549488,0.516846635754,15.8802502911,0.118564299773
0.954082059881,0.164303598481,0.518272731244,13.982456192,0.116198460281
0.950785032122,0.119660360902,0.521520944705,12.8995611654,0.114680789802
0.957311035545,0.143318297993,0.524734159319,14.7813178227,0.116571279205
0.958036617123,0.072129448459,0.516829149733,15.3966414875,0.121101762471
0.960094972883,0.0122989578952,0.515676915736,16.2628911045,0.115811615406
0.959252713209,0.129310791409,0.495943981791,16.8576956154,0.110762092986
0.961962452241,0.0970360731944,0.47327463138,19.2904111233,0.113576426754
0.964929781676,0.0806861470815,0.492836316035,19.8201472981,0.113193010475
0.964005688079,0.118504805593,0.480527471828,19.9920672601,0.114007924341
0.966733092903,0.0735244752917,0.464793214405,22.6455341909,0.110139617956
0.967445357115,0.0824019811711,0.507187230081,20.5120921026,0.107508812247
0.967330233075,0.152320789357,0.501440373988,20.7816807337,0.115250219887
0.965283798582,0.137392818517,0.47389957977,21.1348345333,0.11271320369
0.964147983845,0.192081684807,0.47464467959,20.4102678627,0.107487272125
0.956029072652,0.153783106442,0.478671826078,16.3840319725,0.107939868629
0.950956062409,0.0624482160387,0.458747365822,15.4960353449,0.110699461357
0.948781711179,0.133168241781,0.466145434357,14.5170792193,0.112250293108
0.94364281054,0.14977055532,0.475151582071,12.8280066576,0.109860579228
0.944823735859,0.0946419513122,0.50847554829,11.9164057318,0.109058717103
0.950847220821,0.0709882153542,0.480614992105,14.5369330555,0.109978073597
0.973233753729,0.107853322776,0.508321768226,24.9397734389,0.126130105664
0.967560783669,0.0940142470289,0.502608921291,20.8612750209,0.122842720904
0.969991766098,0.118943266571,0.533414053396,20.6270050455,0.121218387125
0.968187737613,0.136470272853,0.521101856811,20.1616003221,0.117966406083
0.961995850044,0.120833352063,0.526190986255,16.5721688911,0.123866672142
0.962035825964,0.145912803707,0.517544590724,17.0180499519,0.122862202229
0.956246809086,0.0822558497461,0.532572210791,14.0824232539,0.123180045326
0.957473831646,0.0561983239666,0.509634673178,15.5110309405,0.120355863714
0.952823587099,0.0946904859214,0.538393462519,12.8123986363,0.117343429563
0.953604622644,0.0696223992944,0.52065940347,13.7384189563,0.114124466692
0.958243387291,0.07633160625,0.510737865589,15.7524983535,0.11350145001
0.960681656569,0.0756652781869,0.536216735829,15.5368450227,0.1183751317
0.96262626161,0.0916451699049,0.484014000696,19.0506871489,0.11887488163
0.964101298804,0.118171973759,0.494621292921,19.2555770875,0.109681916023
0.963687935295,0.107214294383,0.494609784626,19.0329511609,0.115790745867
0.961497474541,0.10535374045,0.48724321506,18.3120400807,0.112857992128
0.961861369119,0.156235127671,0.478680715063,18.946187457,0.113744939048
0.965857551061,0.0977354406339,0.512841078059,19.2230876376,0.107054459978
0.964686699417,0.16089712872,0.477339316265,20.569922757,0.104868267778
0.967851763323,0.0828679695577,0.497898668458,21.3413953058,0.112846597534
0.967250219365,0.153928542196,0.471976107885,22.5486693497,0.111945770877
0.965602192236,0.0732787784445,0.488421261788,20.4716757701,0.108313329144
0.955908909571,0.0746599744461,0.447423090121,17.8355133709,0.110207180123
0.951096577284,0.122231393239,0.445554046944,16.1236950917,0.110861090028
0.946523331784,0.103026574495,0.478361468357,13.4169070285,0.109386511084
0.939020429981,0.12253049249,0.467546276561,12.0832898404,0.113637695162
0.940608060335,0.0883617785798,0.51267791927,10.9116644731,0.110165537877
0.950819466708,0.0498946900491,0.475718287402,14.7315818983,0.1127483585
0.966400388417,0.0607619680866,0.537224902911,18.17999098,0.123901626319
0.970530836732,0.0551547344713,0.520291663677,21.8428552844,0.120567752982
0.970013389153,0.106451564542,0.527898713059,20.9834902535,0.118825665863
0.966848204674,0.164507883689,0.504973135605,20.2662004336,0.122719697839
0.963077709419,0.163754415213,0.510620369303,17.8657066591,0.121767348554
0.962268699457,0.151720336613,0.542470089384,15.9021741718,0.118982069993
0.959297453578,0.115709534573,0.505863396572,16.4000403048,0.122755378028
0.953647311569,0.100183567081,0.474822330541,15.6930695806,0.120549222707
0.952748939063,0.0936054745428,0.506475107983,14.0542552413,0.116311606065
0.953758864112,0.0749892076426,0.469867701499,15.9533983042,0.113852265536
0.957627610389,0.128165828584,0.483329769267,16.792572029,0.117186501532
0.96286201731,-0.0518602247223,0.484577504343,19.143210415,0.123920420121
0.96489794436,0.076793761761,0.489274370334,20.004843005,0.120534842403
0.966569105173,0.0651682844011,0.536570323662,18.3091822134,0.111804095936
0.964419037564,0.0772632526916,0.491383761687,19.611972888,0.11631835961
0.963977763831,0.100065912862,0.47895273024,20.0657547165,0.115298064328
0.965324289953,0.136153280637,0.491234460641,20.1419646959,0.11304911172
0.963965979216,0.13785550114,0.472277766131,20.4414924568,0.108050444047
0.965222501414,0.0819352391146,0.460018374817,21.9367997313,0.106968951755
0.96701839376,0.100967095276,0.454855777154,23.4891904204,0.114719497733
0.96945283587,0.0832727672871,0.414086648421,28.4197900455,0.114957704709
0.965398051184,0.0827188951439,0.452572824897,22.5134649547,0.112845549932
0.95418707523,0.175799394911,0.45782290065,16.6598571472,0.110416756485
0.951635202344,0.131158460456,0.464619438815,15.4626259814,0.113056690549
0.940671145821,0.179834456628,0.462956684729,12.5915747206,0.11100479833
0.934962810679,0.0798247980901,0.480213383969,10.907670052,0.109181215674
0.938536779185,-0.0149944412227,0.478445671929,11.621866989,0.110883687578
0.947217564061,0.0466391483396,0.450091865089,14.7216579772,0.110756436199
0.971997779157,0.0865053706844,0.476614215525,26.0916191449,0.125484262012
0.97063016793,0.153810216299,0.527709566104,21.4429500436,0.12034637296
0.967281939148,0.167620110867,0.485941456132,21.6943143199,0.121493890972
0.965958145965,0.121796537201,0.497009698534,20.1862371557,0.124417098298
0.966746950509,0.122622516751,0.489473193779,21.1252870546,0.124452751788
0.962871514156,0.0492572426827,0.502784712045,18.1733258231,0.122032215172
0.960185107068,0.0804255610313,0.486532941516,17.7323399966,0.121880415741
0.954966279172,0.134236934618,0.462466651214,16.7359678955,0.120344897843
0.954515613804,0.0854033551639,0.511928508473,14.3834997978,0.112747307295
0.954712517127,0.119189842691,0.469735668124,16.3034834112,0.110562969241
0.957468371728,0.0631925693215,0.528773259992,14.6607818379,0.116212652576
0.959641162029,0.122645421448,0.511691391195,16.2645878892,0.117644757574
0.964493047948,0.0726327189002,0.531020107443,17.5078538053,0.11888078514
0.962220787322,0.0757477609108,0.505445498592,17.7172478778,0.113958085569
0.963602025839,0.123637952549,0.481827761962,19.6933522854,0.114412093714
0.963796231154,0.155682329991,0.499556437355,18.8210833887,0.113468067616
0.962730240138,0.0904085239011,0.468061521096,19.987228658,0.110318454472
0.964079473647,0.102912620549,0.491014898314,19.4437054254,0.105112121367
0.964133885702,0.0841688634062,0.489484422937,19.5592202342,0.106183352463
0.966094330754,0.141909445375,0.473318251158,21.6846885679,0.114158374734
0.961480534801,0.145245045237,0.474612720252,18.9724527237,0.11086984187
0.960349012649,0.106411107887,0.481483381213,18.0650162295,0.109245321217
0.955066645347,0.177322098249,0.456867175894,17.0391945199,0.109976907396
0.9516144391,0.22050718013,0.44970583218,16.1136474307,0.109810162823
0.94148452041,0.141424084056,0.459345010174,12.9019501802,0.11573513013
0.937273195983,0.117819665279,0.460860382198,11.9582350103,0.108513023465
0.940713560241,0.108484825521,0.429661258386,13.8220771202,0.112853879148
0.94310911572,0.0880166063972,0.489217950378,12.2060270267,0.108393936798
0.971327758295,0.0615650533619,0.528267424208,21.9361867262,0.122256087055
0.968066665365,0.144948279294,0.511730488724,20.6430786604,0.11872904087
0.967936156406,0.13630290905,0.50186276316,21.1551580512,0.123164721431
0.968003582749,0.0886165117384,0.513458323242,20.4980583726,0.119146100983
0.967002618458,0.13156528356,0.515758101332,19.732846313,0.121887596847
0.964656859491,0.131339759986,0.493683360735,19.6166059842,0.12316929179
0.962649554102,0.101551769252,0.508986811937,17.7411847857,0.119763483521
0.953683961896,0.107765288546,0.498410211463,14.6834387355,0.118797339017
0.956220896602,0.102922351628,0.50037478002,15.4669349308,0.115461076898
0.958096144109,0.0874493568143,0.488829843902,16.7201243292,0.115218127901
0.956257443765,0.0208817641863,0.480086342909,16.4055516254,0.115981152288
0.961336745716,0.0454168210529,0.484266533713,18.3898117855,0.122093401948
0.966019933446,0.135991550912,0.493766670318,20.4129495892,0.121941180738
0.961717976054,0.128488441468,0.493082330573,18.1144252958,0.114193003797
0.965329436769,0.0783122946413,0.467156139208,21.5693179562,0.11215948921
0.963364801885,0.128351823377,0.490738459234,19.0724662939,0.113050755403
0.962225591471,0.0887083947432,0.452553230871,20.5901057563,0.11436195672
0.963625621996,0.129498392972,0.485710743853,19.4897400579,0.106944492041
0.966598754084,0.129274512861,0.455727273999,23.1327316832,0.109555636619
0.965278490971,0.167687073359,0.480892253574,20.7170478531,0.114821807313
0.959414059872,0.065824495177,0.469737925934,18.2364014469,0.112275064499
0.958315131945,0.0897432062762,0.46430241972,18.0188883604,0.108798469139
0.952715503707,0.115353282839,0.47330342952,15.4425032553,0.108770054213
0.951900412635,0.162283256914,0.462131916215,15.6589332699,0.111083057533
0.939934784994,0.18970858406,0.493136069765,11.4129083384,0.112380194817
0.937842461151,0.0717067650341,0.465922282965,11.9011564274,0.108975402678
0.944344551777,0.0284484686389,0.468897430328,13.2259140958,0.111006717285
0.947405223751,0.071897501222,0.480349253072,13.5714211787,0.106261444721
0.969432054906,0.0333819692767,0.511825826295,21.5742722375,0.125088337523
0.967502834681,0.127725346999,0.502061898837,20.8564168589,0.120326649522
0.968447594531,0.154879161698,0.511210931212,20.9280723595,0.120910811913
0.967344800215,0.0858149633361,0.473594009225,22.5120041556,0.123624471802
0.96562654955,0.143079876778,0.486795613889,20.5817536128,0.121288758862
0.965340405047,0.112689740855,0.513556817323,18.8916873603,0.120347470619
0.957138650764,0.126557282218,0.500750532054,15.7885033747,0.122709157463
0.955948246573,0.108545426019,0.520511380925,14.493268493,0.120920929028
0.956605901241,0.0967633626071,0.482112947008,16.4453273042,0.118331238909
0.957160019539,0.0620576904697,0.491765997943,16.2100555658,0.114749573889
0.955502264579,0.0708928787064,0.483238330034,15.9770418143,0.11282901152
0.962595103374,0.0645847415522,0.48713789392,18.8657554727,0.119526431235
0.965332818767,0.0463794109871,0.499161635689,19.6932849372,0.11935726857
0.966786015016,0.149939215987,0.491519831365,21.0270289461,0.11408909682
0.964019792387,0.0883353990711,0.467962857963,20.7231111188,0.10963756022
0.965004243423,0.100367574017,0.477666367964,20.7407383266,0.113630497497
0.965626633609,0.123340271893,0.495666347956,20.0655188895,0.11509182924
0.963418620312,0.171039142652,0.486251866306,19.3475076724,0.108383862212
0.963559507687,0.0899796477848,0.474780290056,20.0668760659,0.110888147306
0.962686953166,0.102889638603,0.508366554823,17.7913751439,0.114792221554
0.963553757573,0.161493712184,0.480207194013,19.7575252816,0.109861683104
0.958385140102,0.123956069068,0.503420193553,16.1468320133,0.106703958225
0.955471167154,0.0866216805617,0.471589685092,16.5013078678,0.106926292834
0.950936807181,0.127537409665,0.455083045022,15.6492121377,0.111931007716
0.945171767259,0.124901566756,0.451808808403,14.0896586654,0.110105769454
0.943104587411,0.132923973689,0.430139904101,14.4020523352,0.108913178463
0.945150963458,0.0814805629916,0.463945023085,13.6142678919,0.111192737876
0.946243712602,0.0865234399854,0.468397641836,13.7261071613,0.107495927355
0.970221991524,0.0865355691816,0.479183352614,24.335521409,0.124976747707
0.969709943731,0.114519262651,0.508212160403,22.0056614275,0.121244957539
0.968395220835,0.096507638132,0.50366919813,21.3556223968,0.122297015455
0.965866283639,0.0836334211162,0.531663673129,18.1902222511,0.12004772574
0.963272941184,0.151538265658,0.514566568273,17.7567437193,0.121033566053
0.962690854718,0.135826620776,0.494769989788,18.506255883,0.120842304041
0.959920894039,0.140636179783,0.512078059555,16.3620101059,0.121412527569
0.958414961151,0.191035340721,0.503089983112,16.1741087752,0.121956398406
0.958465975095,0.107154697066,0.50484608429,16.1122607286,0.118547628599
0.957181387709,0.0867190520094,0.48340936913,16.6099657798,0.1123029854
0.960315269885,0.0755858289529,0.443698022577,20.067621262,0.115858126774
0.965661604332,0.0783185205022,0.496603234996,20.0322721477,0.120235251428
0.961282745259,0.142089129349,0.522312814362,16.4482906152,0.119248034071
0.962091163404,0.0642766176658,0.48335083564,18.8120694342,0.112934966458
0.963292396289,0.0485000578824,0.486951943659,19.2412535585,0.109166160073
0.962218714423,0.0790232543123,0.490736984145,18.4830504431,0.115648669814
0.964476174178,0.140242522091,0.498892411926,19.2248254257,0.111759591076
0.964899565955,0.0810552061486,0.438804181886,23.0527002182,0.10696183534
0.961773550206,0.127147844466,0.461307911735,19.8502811656,0.111082522713
0.955308097642,0.0731062338126,0.485315157165,15.8122275926,0.115809097379
0.958455234706,0.103244766655,0.469907371269,17.7981757102,0.109176247428
0.955606578436,0.0681752388106,0.495855775272,15.4478294487,0.108574270479
0.954315267751,0.128186408547,0.44287568023,17.4175663907,0.109335010645
0.950959317912,0.0671776500936,0.46004910891,15.4407387055,0.109962117982
0.951355403692,0.0854148201682,0.468265950299,15.2146749318,0.111472937705
0.951075002286,0.0711153589932,0.450500098411,15.8963234208,0.107862215114
0.948732306913,0.11461867522,0.483065628383,13.8252350976,0.107842256332
0.946312776105,0.0997802857197,0.475552659273,13.4695343984,0.108542602376
0.968577949552,0.0827497920246,0.502787119506,21.5367301177,0.1253799593
0.97118437434,0.108594598356,0.480147740959,25.0919230419,0.121647964786
0.967653706015,0.0759146548184,0.492208604412,21.5581252101,0.126048490386
0.964350086148,0.127817203942,0.527697136916,17.6092860875,0.118672795536
0.960691802521,0.112531927988,0.487955908627,17.8927961883,0.119668987414
0.961882395448,0.0994262277584,0.498608490119,17.9073294106,0.11856685649
0.958295307133,0.103609123348,0.507389156819,15.9269538756,0.12171245662
0.954986096995,0.101392572848,0.494903069357,15.2717393109,0.123482586269
0.959807085408,0.0707438434261,0.49604177103,17.0903078011,0.117415890521
0.958899840979,0.16177162688,0.461355804074,18.4324659539,0.11199844643
0.961233509516,0.0698736688836,0.477569964601,18.6920487336,0.113605068887
0.963146021849,0.0679599966642,0.496315982518,18.6561357124,0.120061116882
0.966086540577,0.168751527933,0.512812411122,19.3567861904,0.117959792788
0.962846846523,0.0764546604203,0.510886534185,17.7388135484,0.113974605894
0.963974797501,0.0486799865306,0.480014223784,20.0037332916,0.106522073794
0.963749454103,0.143410197408,0.490294145584,19.303198592,0.112144956732
0.96375622873,0.12336424166,0.469808953713,20.4629676452,0.112153875303
0.962715183321,0.0512606411435,0.428589469217,22.2975711503,0.111014997159
0.962196673043,0.157328964158,0.450753762204,20.6774353028,0.109886124624
0.957611465944,0.193524869262,0.475573256657,17.1595537652,0.113471027328
0.954880661957,0.109678204562,0.471871223027,16.2674232953,0.112851200032
0.952040856656,0.0716289633603,0.467258887,15.4814480649,0.106528478929
0.956490894379,0.0890986022787,0.445265515937,18.1882099204,0.110047176774
0.951754004074,0.146772334614,0.457681865384,15.805902322,0.114267380243
0.954057555998,0.116120824953,0.457925625158,16.6070013355,0.112151390704
0.955882689666,0.172875851108,0.461089160131,17.1578551508,0.112599377086
0.952490727815,0.150842736269,0.470504091995,15.4895134978,0.109186901354
0.953157287185,0.00671523247514,0.469181401399,15.7740565906,0.10774793231
0.968225235685,0.0740614763619,0.508302708153,20.955926525,0.12216944556
0.966935098832,0.109197418161,0.528020283418,18.9930539495,0.117739821934
0.96813659744,0.152821987288,0.4964159511,21.6274219115,0.123385316907
0.965544414695,0.158335115991,0.532319384201,17.9821592904,0.121692111885
0.962414134229,0.088234334272,0.510954443229,17.5272081303,0.11786143477
0.960208245773,0.0927639385747,0.503751805178,16.8863433542,0.1202410254
0.960147148344,0.107391978635,0.501136443846,16.9879149736,0.125634143503
0.959167902421,0.127056834298,0.48172813339,17.5195599039,0.122933471843
0.959707956535,0.0841029764597,0.497106728245,16.9952398855,0.1189085391
0.961975009567,0.137001952013,0.442821236261,21.0125413818,0.115299060833
0.961492068898,0.123825943912,0.482478633086,18.5596612059,0.111952786374
0.965022461981,0.0996859963424,0.473302244132,21.009526326,0.115566266337
0.966304353439,0.152597397807,0.500948593308,20.1669723809,0.119053661376
0.967135318765,0.0727374170037,0.493903563221,21.109555711,0.115094719953
0.966440029019,0.0895524704802,0.460889986714,22.6914454261,0.109810102041
0.96564183563,0.0999900826336,0.467739820104,21.7332218806,0.113403078993
0.967220326053,0.140030932528,0.477685579584,22.1669816718,0.111207912057
0.963017142947,0.149473875407,0.478621576725,19.5532251398,0.108918350258
0.956563792048,0.0899598572907,0.506725522256,15.3078020445,0.110955634295
0.956076051359,0.0803785681713,0.503319348969,15.2841447001,0.112887606485
0.952004797691,0.076401832674,0.487493740834,14.607600672,0.110855077128
0.950593556546,0.106717784358,0.485891782043,14.2448779715,0.106986561937
0.957698669543,0.0145185077484,0.470632679401,17.4373181371,0.107377159675
0.955108662399,0.106754555212,0.464917941222,16.6751938193,0.111207647865
0.956549521998,0.0322022907071,0.444246867015,18.2648634346,0.114622938886
0.956749860257,0.046340869263,0.451504958843,17.9848351038,0.110667147249
0.9529540638,0.0828703462043,0.470549301678,15.6438427607,0.108585631565
0.953834004475,0.0510890346874,0.481104475941,15.4799787474,0.105010744208
0.967560356215,0.0663647710385,0.508438839869,20.5112853811,0.12546155874
0.967688647656,0.124751619611,0.534395161711,19.0781500706,0.121604378382
0.963440674146,0.139907888956,0.500379737777,18.5904087519,0.122939010194
0.965910277672,0.166517237984,0.510008238178,19.413043669,0.122017462643
0.964533150476,0.102117367835,0.55151807896,16.4791724739,0.116441250019
0.962082244931,0.0288136321261,0.493588424322,18.2653493575,0.122689872646
0.962347835882,0.0566054477941,0.494490092835,18.3491578595,0.121877814693
0.961558403546,0.142334361586,0.484369771364,18.4925295981,0.122995385407
0.964545944015,0.117241894611,0.514405279524,18.4150726241,0.118936348751
0.962380342477,0.137751459367,0.495786926222,18.297017797,0.114667401572
0.963190303318,0.115560545589,0.499077644311,18.5310516717,0.115061821039
0.962830452427,0.113784209307,0.499464111095,18.3278037242,0.116994486846
0.964799862777,0.104097178943,0.483696787237,20.2680408805,0.117826340182
0.962174425848,0.0967192482058,0.465329976829,19.839674375,0.116889628965
0.967190473115,0.114303350546,0.490251455389,21.3681200349,0.110551945559
0.965097731378,0.111766521308,0.46639798806,21.4692889747,0.114207657961
0.965145609261,0.0791856939655,0.476020250917,20.9236845727,0.113775076406
0.963408681602,0.0854945209189,0.456036562629,21.063127766,0.107226508247
0.957499412866,0.127770936226,0.487635871999,16.5365757726,0.109104709122
0.956627529124,0.0650861717407,0.465274270876,17.2554810002,0.116537135544
0.950628853456,0.104657621057,0.495520274794,13.8677728927,0.112556297375
0.952789950392,0.0749029987204,0.498910579252,14.3779316672,0.10725352383
0.9545211832,0.0415488912307,0.458449661569,16.7557709423,0.107467844957
0.958492975734,0.0480106825009,0.441418145873,19.2900198083,0.113243141183
0.961444898069,0.0355241414107,0.449752993237,20.3229122845,0.112639633459
0.955485628288,0.111053877288,0.474673622866,16.3636480789,0.109892689246
0.955778443456,0.118377781912,0.458679015657,17.2323531664,0.110126264543
0.955990184978,0.0984015286933,0.481019103603,16.2605373498,0.108259416609
0.968744971411,0.112760564286,0.536332239332,19.6196899816,0.122220677678
0.968540257752,0.0963065418674,0.540452967955,19.2505313977,0.120433270038
0.968550493935,0.103472897573,0.523486854265,20.2550530829,0.118588777517
0.964932447981,0.149177659293,0.511870535802,18.7601234795,0.117926067546
0.963669329213,0.0739844200864,0.516618469552,17.8466108508,0.114758261457
0.964762371325,0.13307003418,0.50994682852,18.7729007674,0.120535863562
0.964169381107,0.123080372011,0.493351616261,19.3632828067,0.121378494529
0.958411634166,0.120519314153,0.494034149001,16.6004069995,0.118435935714
0.964432887303,0.111925866153,0.520555435658,18.0272902406,0.116357058783
0.962595988371,0.0306870078453,0.503820850228,17.9828893602,0.10994591585
0.964763955852,0.0550529728625,0.471214502528,20.975852862,0.112891607047
0.963444595397,0.0888445172597,0.500751624886,18.5724907957,0.11810738172
0.966137467089,0.0745321933832,0.496416017701,20.3297024817,0.116584714827
0.96628893616,0.08122214733,0.473638041389,21.7923571744,0.115308179308
0.964002965188,0.0808470849593,0.492609246618,19.3131881415,0.110347135727
0.964369038156,0.0647552648665,0.484260619368,19.986419651,0.112309728806
0.96442187012,0.0909541745904,0.4800511107,20.2576456927,0.111278816926
0.962589038939,0.158233996562,0.464827421042,20.0921850675,0.106770026302
0.955450127285,0.138508687307,0.476700207879,16.256822273,0.110435520763
0.955127714175,0.0845865975116,0.482384975836,15.8790973545,0.112846478936
0.951949923054,0.126294721002,0.484007755294,14.7362386063,0.111243500702
0.954333227162,0.0462582961747,0.471866393814,16.0680627939,0.106874286648
0.954359029201,0.0933766334473,0.446485911444,17.2608714071,0.108107260295
0.961446083331,0.0271678096391,0.481860196477,18.5697061053,0.1094107049
0.958024101538,0.0561969007081,0.484119722576,16.9165905812,0.110924389106
0.95584569017,0.13021861263,0.449503558602,17.7066633562,0.1069876028
0.957314931015,0.0762333456735,0.479163954844,16.8652961319,0.106751462866
0.960395018436,0.131112927387,0.461670300072,19.126274986,0.106066911664
0.967808260642,0.0895785567934,0.492002536069,21.6761449743,0.125022400631
0.965353916417,0.140701615334,0.512302219302,18.9685542047,0.121872731143
0.96472402324,0.154408986268,0.48902114377,19.9188447575,0.12009356132
0.962411716121,0.0661573476553,0.474930155746,19.4343612326,0.123746292788
0.964625666997,0.0726545097765,0.512038733086,18.585366695,0.117489114075
0.965771008044,0.101594322473,0.533854835934,18.0206117621,0.117176332662
0.962602118131,0.0787828573816,0.51994364044,17.1594587153,0.118948781859
0.964574621763,0.133017359175,0.470319977143,20.9143926295,0.123701041207
0.964870983733,0.105753846624,0.491475372831,19.8637003116,0.117824604142
0.962848541417,0.0455385157686,0.485759576809,19.0717787894,0.110945691456
0.966811550358,0.0466956607719,0.500033636059,20.5346769249,0.112126248073
0.965875746487,0.102712244001,0.46743523104,21.9035925602,0.118321085877
0.962761335854,0.0925502234717,0.488516163053,18.8771484012,0.118414976089
0.968337324179,0.0416018588391,0.490045349328,22.168214006,0.110559417884
0.963408752212,0.0139891079499,0.482628699155,19.5428249623,0.10791460962
0.965585819197,0.115265943238,0.488070512638,20.4822770381,0.108585774608
0.968508574671,0.096272861571,0.509362048115,21.0824874088,0.110370007773
0.960639861531,0.12126611242,0.443030124167,20.2740241137,0.108854089482
0.956022794924,0.169927980416,0.469258262227,16.823276456,0.110495360185
0.9556545028,0.158850091142,0.439502875118,18.1246081559,0.117164462551
0.953476050705,0.150281084962,0.467704283959,15.9509563022,0.111527395711
0.953045502875,0.0397478938806,0.475939779993,15.4382065055,0.105293845714
0.954760359514,0.0756419340651,0.506633898311,14.6877214228,0.109001921409
0.963709381789,0.0917727063523,0.463559906575,20.7983020203,0.111661483554
0.95906543786,0.0966732374114,0.480084662959,17.5565441713,0.11105077462
0.95647895296,0.101704596559,0.497272765527,15.7004857623,0.106728518734
0.963194654233,0.127206086457,0.46414815293,20.4681735619,0.110083387423
0.957754868702,0.0541308191431,0.437561033355,19.1490672548,0.107135663513
0.971822190916,0.0923208594421,0.513745720689,23.3019732604,0.124156648993
0.964740884201,0.104591084881,0.532007024011,17.5814402158,0.121947523725
0.964036824713,0.0861502736836,0.476333665533,20.2490318894,0.121321313817
0.966685570245,0.132482570388,0.49637462426,20.6724638474,0.12127187822
0.965194286165,0.10099369599,0.521281251564,18.3895453474,0.118510857565
0.962382312777,0.111767524793,0.529206776141,16.596715555,0.115503131593
0.963246834398,0.0969546138346,0.502536873036,18.3756328099,0.118022033366
0.964506887692,0.0926045117955,0.479323296031,20.3490440521,0.121551382684
0.964566411746,0.12606238041,0.487584016968,19.9102133485,0.11544354775
0.961767913852,0.0429174956241,0.47299062397,19.2057251346,0.115693866724
0.966664781811,0.1161342224,0.48182515449,21.536830942,0.116740669533
0.968950787532,0.109750075971,0.483386410333,23.0470952656,0.119252082629
0.967892498402,0.134622361803,0.475247364263,22.7956753935,0.113599839872
0.967089492857,0.151732440272,0.488593728071,21.4026655731,0.111303831701
0.966320649326,0.0835880961254,0.497034809451,20.4058405809,0.108873831835
0.964433671047,0.0847743282498,0.463572402143,21.2290286417,0.111737144073
0.965653340233,0.108717448161,0.465445983882,21.8812911896,0.111585523338
0.959514826503,0.101939828262,0.465217880556,18.5167071074,0.106599866056
0.956005940647,0.151326112446,0.480525268408,16.2893243122,0.114466084887
0.952519481938,0.0962193288455,0.468092486213,15.6047645578,0.115597769456
0.951208246689,0.0513771083883,0.496178192955,14.0101647264,0.1086203687
0.955342568832,0.077762033539,0.476376027574,16.2316520306,0.108698789641
0.955680147965,0.0436593764932,0.447527768059,17.7361858577,0.11262907603
0.96256590932,0.129022621969,0.461019881058,20.2951125557,0.110443556909
0.964552326762,0.107775742297,0.482898647044,20.1696973539,0.108042941158
0.960286702907,0.0978631555205,0.4792208129,18.1523262509,0.107521217615
0.964078129096,0.0826928740922,0.469702522588,20.6559586855,0.107072306457
0.9595347002,0.0711374300281,0.474414674928,18.0520764272,0.106757331035
0.97091163865,0.128128536393,0.535552517901,21.1538018516,0.123732113872
0.9662275586,0.0822639376027,0.518889572937,19.0961115696,0.122549411384
0.968237133317,0.121415788534,0.507079953746,21.0385198535,0.119208653533
0.967549990058,0.111127775942,0.482812494646,22.072353669,0.122542519584
0.965769652429,0.0377502740699,0.504154730487,19.6633208154,0.122195719675
0.960572936765,0.0642556376243,0.49072475176,17.6970904694,0.119132484659
0.965515781272,0.109155873516,0.474405696779,21.2491377608,0.116196593209
0.965057472716,0.0585016458307,0.478584084783,20.7189379614,0.12154264945
0.965995932827,0.202147380825,0.524453132393,18.6554990782,0.114988169009
0.966207429618,0.10511167109,0.4748328547,21.6655936181,0.11497129401
0.968548568163,0.0605596833681,0.479738694772,22.9846907924,0.116421678363
0.969751384276,0.103901667173,0.473181965082,24.3614513512,0.11583350332
0.969735230717,0.0798020037923,0.477802271303,24.0320648668,0.115787729279
0.965504055129,0.084149023326,0.482699484627,20.7480837285,0.110686173147
0.966741030823,0.103174983015,0.506888514887,20.0878551431,0.11057730717
0.969161219245,0.123685111461,0.450485140329,25.4572356117,0.111703983507
0.966539493833,0.0736163830019,0.470586554279,22.1482899373,0.110798239077
0.960959572459,0.102956531749,0.462713228777,19.3518562552,0.108870337854
0.956127043849,0.106887038627,0.457594830514,17.4251673346,0.11151262841
0.953273619401,0.0878187446197,0.491512728037,14.8426002388,0.112764539097
0.953627093667,0.0748156862219,0.511696755925,14.1109271799,0.107593999539
0.956171403396,0.0228384504009,0.471802506877,16.7609731438,0.109002828333
0.954798900577,0.0413707797782,0.458814584799,16.8439502977,0.110599264777
0.962014293786,0.122259998208,0.489472517466,18.4482651378,0.109454907056
0.96051564015,0.0746048566545,0.453870364654,19.608871693,0.11072878445
0.961990432811,0.0703561013739,0.470315283631,19.4667596386,0.108258431743
0.969235297402,0.129146409599,0.511903232626,21.4292889872,0.106202406533
0.96155259027,0.0516598298534,0.447705518254,20.4973522108,0.109087412475
0.96990527573,0.108163703095,0.526378953667,21.0012989709,0.120012222433
0.966936719716,0.0959503562528,0.516395598685,19.6561094317,0.121706434937
0.966904780875,0.0305030252222,0.52747611223,19.0059966019,0.119639162949
0.965361936837,0.130282484481,0.475204059904,21.1053865453,0.118321308273
0.967796382227,0.092000684973,0.506240491724,20.7964970782,0.119521945491
0.96512207892,0.0687199315843,0.479888511625,20.6813359732,0.117339129225
0.965001547952,0.103710722499,0.461783432584,21.6883317646,0.11806813706
0.96443580281,0.102850008305,0.487716037561,19.8282822209,0.120501352507
0.965382378021,0.108061426779,0.511671761587,19.019379807,0.116251983147
0.965415547429,0.0690147973534,0.46720064041,21.6212750364,0.115883913116
0.966863245841,0.121252777265,0.499827703334,20.5794829739,0.114807984123
0.966325220824,0.0938924757795,0.477783231598,21.5618660323,0.118502849094
0.968069766455,0.120831434133,0.527324569157,19.7200900713,0.110907372966
0.967541313572,0.126906588953,0.473480830613,22.6578286162,0.108828938368
0.967386612992,0.104362104485,0.482644627079,21.9704258379,0.110520934342
0.968658082033,0.111976145313,0.489240360305,22.4504042548,0.114687701471
0.969860581356,0.104240207358,0.485230606826,23.6294560307,0.108595218862
0.95950294284,0.188689468003,0.47279118545,18.1205450446,0.109825014816
0.952350668315,0.0665215487729,0.493234537526,14.4764864026,0.110347420344
0.953203216948,0.134755681882,0.510876179608,14.0135164265,0.112734070115
0.954022050791,0.0800268240539,0.479382631355,15.6209839917,0.110722987289
0.954782433747,0.0150277590809,0.507397796772,14.662499196,0.108166180485
0.955142580632,0.0239869952945,0.471215417288,16.3949375121,0.11494215457
0.965436331854,0.0771094218665,0.453376836827,22.4883831046,0.113482674014
0.963083768639,0.109526933007,0.469178948738,20.1189250901,0.110925575769
0.965462699219,0.0270754738835,0.4511533069,22.6457362956,0.106367150666
0.964690064967,0.102280563931,0.501287836484,19.2101655324,0.106787086143
0.956768877415,0.13578695321,0.450215996984,18.0576145508,0.108843974448
0.968972058049,0.0426947174736,0.511468546163,21.2715657648,0.124566887911
0.97108037682,0.0885338103335,0.521726516917,22.170344426,0.119319825704
0.968504587051,0.0957084431435,0.492967533214,22.1020760781,0.118439513159
0.96549193999,0.0970381646608,0.478653955095,20.9803330715,0.118546350366
0.970242080099,0.0938223170161,0.466667214482,25.2283073626,0.122341794504
0.965587907644,0.0802354616769,0.467551048335,21.7100881503,0.118536656473
0.964100958426,0.0980895958526,0.488791550146,19.5796943033,0.117796818963
0.965559080211,0.114224761824,0.492586779039,20.2032892552,0.120072455889
0.966191147826,-0.0192135436115,0.493521232184,20.5325882834,0.117957235054
0.965151969127,0.0894027414231,0.488768650141,20.1824606996,0.114083487506
0.964178640319,0.0473680931488,0.497700050125,19.1278166047,0.113403827218
0.965408697334,0.104032060415,0.500164110621,19.6802635272,0.115796082844
0.969803165103,0.0908693850163,0.500106702179,22.5989953171,0.113389407882
0.96408180142,0.117785596807,0.455369468908,21.5053264749,0.111033851918
0.969519684077,0.175091759145,0.464611762494,24.7638667191,0.112037155829
0.964811772526,0.129162821205,0.46984463463,21.0861456634,0.112838027998
0.967417461677,0.112756806605,0.466339191765,23.0290761227,0.110827925315
0.959756023867,0.148894795255,0.449683132211,19.4568315799,0.1108988328
0.954426154821,0.164873628481,0.501593037794,14.7918556968,0.112540043783
0.952279705197,0.121523657651,0.514344468131,13.5973402417,0.113006416767
0.954623285182,0.0593214199869,0.492855967593,15.2360342241,0.111081681472
0.954533071863,0.0711312022251,0.479471132858,15.7967845997,0.10893369596
0.957532886957,0.0732464557227,0.455566724145,18.1175077719,0.110947803454
0.965138024422,0.152022865215,0.472174544295,21.1476506671,0.112539651901
0.959561243907,0.0502086953559,0.490978987998,17.2327719319,0.109952940805
0.965148989422,0.0688726579445,0.455104285152,22.1924620713,0.109624462842
0.96534928593,0.103728944067,0.466552937638,21.6185323505,0.109400694858
0.961649046292,0.0648405287325,0.497436141591,17.8564219974,0.107407857612
0.968166164792,0.114604172489,0.539806225911,19.0576671446,0.122596650475
0.971021380716,0.0799619754728,0.503380590523,23.3418443528,0.120826040192
0.971365160466,0.0234558435549,0.501126467887,23.7807172549,0.11860439432
0.971636314145,-0.0270885584523,0.486075859011,25.0711727986,0.120188909429
0.966444717288,0.104333974237,0.480218018692,21.4910546446,0.121369678829
0.967975032658,0.0883873010773,0.478018691728,22.6767577839,0.11922922767
0.96267404842,0.11295039498,0.453673941064,20.7772930335,0.12196002194
0.964176791056,0.0926158350872,0.464847532381,20.998712934,0.12145188358
0.969563577548,0.0525221388021,0.473561003012,24.1828919663,0.119284291921
0.967312902929,0.0974294051972,0.492285110396,21.3249422207,0.112621410414
0.965117566414,0.025336793752,0.486187531233,20.3113268757,0.114404504709
0.96704082355,0.125830700763,0.492071826615,21.1588760456,0.114793746929
0.970216326567,0.107304526905,0.454278714145,26.0960029045,0.114902471263
0.966939442224,0.139141248328,0.422471448687,25.6290462819,0.11397128018
0.971212107439,0.129712863703,0.47772240399,25.2898164758,0.111662674479
0.969403874843,0.110509310186,0.482601311568,23.446140919,0.11190139321
0.965494497489,0.1454554234,0.477116617676,21.0735282386,0.112599726525
0.958440377356,0.187172319915,0.449552760945,18.8348924291,0.111572763315
0.955788657501,0.143839272777,0.471318511074,16.6352673303,0.114648990835
0.949551720709,0.0885514481273,0.515165959831,12.8129548394,0.111332528046
0.951886996803,0.0482168580061,0.495025107648,14.2600230914,0.108240480977
0.95246153997,0.00116530162596,0.462974803856,15.8109832114,0.109856240062
0.961365150039,0.0335292985498,0.486172024189,18.3039325428,0.109296991279
0.963971757904,0.0513118140093,0.502587965584,18.7496067083,0.112189264918
0.960716619178,0.0594740749366,0.469927035374,18.8437396222,0.111470923264
0.966113614639,0.129874324484,0.509633890114,19.552875717,0.10340015648
0.966990444377,0.116225626335,0.493474222355,21.0412517763,0.106747952393
0.95975083166,0.0545147079956,0.497429077973,16.9979419923,0.107497408838
0.970471161526,0.115037952617,0.531423375234,21.0917750887,0.122537684259
0.966751530808,0.0722891350865,0.490463290828,21.0684862298,0.119632075459
0.972109304426,0.0986835784615,0.497756079095,24.663076291,0.120509708993
0.968812617256,0.0471197430146,0.490454914563,22.4851817837,0.120040539099
0.969537609678,0.0966241182704,0.509748554007,21.7816602225,0.121060564443
0.966902116571,0.106723699557,0.449120147243,23.7822966912,0.118446692035
0.964449552146,0.112528074599,0.456919954189,21.6380023765,0.118605048772
0.964327586297,0.0923721275447,0.477768062534,20.3343621024,0.121294535823
0.96940669061,0.172169329059,0.485517098748,23.2544662925,0.116272599108
0.968276582609,0.104422393765,0.470974994759,23.356343389,0.115892221697
0.961264111657,0.112740831292,0.471865111755,19.0113055341,0.114972232145
0.968257431031,0.136352678315,0.513358593762,20.6706995317,0.114065109695
0.969966425821,0.159020179043,0.487007147227,23.5941730128,0.112646677735
0.966677158237,0.130569057858,0.451961854961,23.4329043724,0.112384307602
0.96914461816,0.150939188044,0.479778231154,23.4332389659,0.113811145362
0.968176249682,0.126053107754,0.478990361055,22.7597104871,0.115781278551
0.962732034936,0.164664467176,0.469526064801,19.9059544271,0.108852527586
0.955102024509,0.131510367219,0.455511257233,17.1176377851,0.108186225985
0.952243632799,0.131216735908,0.449200371692,16.3542800317,0.111934666405
0.951648564052,0.0502655043452,0.500643215622,13.9602301524,0.111797295986
0.951966061269,0.0451474054276,0.508028563388,13.7573447722,0.111357509747
0.952679020219,0.0466367526076,0.468664541438,15.6334807867,0.111095823406
0.959080974965,0.0187137875139,0.466657250088,18.2423267596,0.111560361226
0.963693204021,0.1069062365,0.483016170626,19.6771260901,0.115025440126
0.964013357538,0.053222097279,0.478008074276,20.1398383334,0.108473903608
0.9625878899,0.0954450446396,0.466111071726,20.0192307274,0.107050932705
0.96427945919,0.132056896927,0.484656141804,19.9129328011,0.108874222454
0.957018353919,0.0827219097775,0.478196550217,16.7923502319,0.10517163622
0.966604903461,0.0720641439949,0.536268577191,18.3457079863,0.122118420119
0.969533055794,0.0829360180503,0.495776505446,22.6765987771,0.121229864
0.968854518786,0.0745230862213,0.495698045394,22.179844112,0.119547639036
0.966899108483,0.106862358289,0.484747697468,21.5122568373,0.120763694112
0.970258711263,0.127530995514,0.489152123412,23.6840615046,0.120908879848
0.967155563859,0.08445298267,0.478503128795,22.0713322241,0.116936515236
0.964562536607,0.108323170078,0.452529275231,21.9758705073,0.11956927705
0.964999904156,0.140112540626,0.489752415826,20.0367625662,0.12348222095
0.966073206732,0.121236316133,0.477689258422,21.404624839,0.117109618906
0.968914378797,0.0896599578451,0.486456685836,22.8191740609,0.115759001304
0.96663872506,0.115579901231,0.480566069387,21.596837151,0.114769769703
0.968891277033,0.124586098051,0.49174795805,22.4596332876,0.114054513105
0.969503279315,0.0754279266832,0.469908182717,24.3843490159,0.11112769228
0.968455134604,0.0888810268491,0.48563102056,22.53465869,0.113183493729
0.97103527594,0.066771365829,0.466809334902,25.91936213,0.117715878143
0.966036288728,0.136972101706,0.511150620338,19.4215811883,0.114743456746
0.96061132406,0.147158752512,0.494382368282,17.5298992586,0.108488950998
0.957529902854,0.111952582617,0.482567148318,16.7894762139,0.109479508689
0.947397127088,0.106421719687,0.497313956664,12.9269717251,0.109675678551
0.950084993073,0.121745194516,0.508551170299,13.2058366004,0.10804646569
0.954284444296,0.0360507746572,0.472719469235,16.0119092923,0.112251623165
0.954710670516,-0.0121302806174,0.462986530984,16.615060157,0.110447530625
0.95979327116,0.0232294758537,0.478085134693,17.9827954765,0.109583298177
0.965792993347,0.0867533039619,0.49268315705,20.3382712578,0.113562474064
0.963492233345,0.0832966292912,0.458568632854,20.9633623812,0.113837596518
0.966875510864,0.0713456654787,0.489969581009,21.178588683,0.106738220479
0.963177908094,0.136087998674,0.447463065339,21.4345034433,0.109807990768
0.957175051318,0.0945524355098,0.479570505533,16.7896128614,0.10757327797
0.970487819177,0.0688547963375,0.504126526057,22.8641415245,0.121334060227
0.973122362514,0.135819296988,0.523379388684,23.7635549125,0.117414223234
0.967463175054,0.10618935099,0.489698253915,21.5843667251,0.12415245909
0.970062326834,0.0849425889572,0.487140212394,23.6619295853,0.120217133308
0.969777582697,0.0886695852172,0.464278046718,25.0019035926,0.119136849622
0.967064646341,0.120079876371,0.459805179288,23.1995804754,0.120693743838
0.968265102749,0.0928949541486,0.428596688038,26.271493506,0.121933822643
0.967451260681,0.120251201717,0.484305706587,21.9109660085,0.114725654169
0.966390574079,0.0897917919626,0.494238545035,20.6140567355,0.113762455213
0.968115886257,0.137569170073,0.457747498466,24.1158517593,0.11819728794
0.971068257602,0.0925475989422,0.466463733404,25.974575092,0.114971608891
0.969448265275,0.0668253424653,0.479044288147,23.7191646734,0.113609569452
0.968187664256,0.138041942706,0.477021455064,22.8954180186,0.112001711724
0.970047431254,0.106554358393,0.468802301104,24.9117526345,0.117360478041
0.967253160528,0.16336568196,0.500519322528,20.7871663347,0.111959411586
0.959978597443,0.165697702622,0.477391035097,18.1033716135,0.11103097325
0.952997597662,0.123238663094,0.514451063325,13.8058757663,0.110115675014
0.949933373857,0.0741875824732,0.477110689015,14.4072692947,0.1096549953
0.948901739295,0.0694436160629,0.508687074479,12.8869759367,0.110037475626
0.955864735862,0.0953853971251,0.526672061832,14.2045483157,0.110517893032
0.95783171288,0.0119538987236,0.475252152161,17.266825321,0.108087812393
0.964080041035,0.0437314202542,0.483885005756,19.8438760918,0.10709091945
0.961581615973,0.106724049189,0.504011951512,17.4892334332,0.11206971822
0.963176310966,0.0988498545652,0.466469602196,20.3248090581,0.11233297669
0.964134202691,0.132179992556,0.473333796482,20.4780000241,0.108713054524
0.963806603937,0.135165647503,0.467382765184,20.6324294992,0.111493707047
0.960032389536,0.121471334243,0.468326026204,18.5982599652,0.110207173772
0.958615851549,0.0262810737102,0.454062726527,18.680293663,0.110106337614
0.96962829484,0.0458396856027,0.454067744468,25.5980978472,0.108816910116
0.963960265195,0.0962488118298,0.511161183625,18.2827021621,0.109068605612
0.963352820166,0.0944179227204,0.491051603633,19.0490270377,0.109001350303
0.965784496873,0.138242842957,0.434496871586,23.9430453082,0.110217886508
0.964937008273,0.149073280211,0.432345962259,23.4931765009,0.113203616868
